Sueli Campos;sueli.campos@exemplo.com
Sônia Linhares;sônia.linhares@exemplo.com
Hélio Araújo;helio.araujo@exemplo.com
Renata Antunes;renata.antunes@exemplo.com
Claudio Cunha;claudio.cunha@empresa.com.br
Hélio Rodrigues;helio.rodrigues@empresa.com.br
Rodrigo Rocha;rodrigo.rocha@empresa.com.br
Bruno Siqueira;bruno.siqueira@exemplo.com
Gustavo Toledo;gustavo.toledo@empresa.com.br
Bruno Silva;bruno.silva@empresa.com.br
Sabrina Campos;sabrina.campos@empresa.com.br
Edgar Toledo;edgar.toledo@empresa.com.br
Daniel Ribeiro;daniel.ribeiro@empresa.com.br
Renê Siqueira;renê.siqueira@exemplo.com
Camila Santos;camila.santos@empresa.com.br
Mariana Lemos;mariana.lemos@empresa.com.br
Isis Silveira;isis.silveira@empresa.com.br
Sarah Andrade;sarah.andrade@exemplo.com
Natália Queiroz;natalia.queiroz@exemplo.com
Ivan Amorim;ivan.amorim@exemplo.com
Christian Linhares;christian.linhares@empresa.com.br
Pablo Pires;pablo.pires@exemplo.com
Samuel Correia;samuel.correia@empresa.com.br
Felipe Lemos;felipe.lemos@empresa.com.br
Brenda Mendes;brenda.mendes@exemplo.com
Alan Queiroz;alan.queiroz@empresa.com.br
Letícia Farias;leticia.farias@empresa.com.br
Ana Porto;ana.porto@exemplo.com
Viviane Almeida;viviane.almeida@empresa.com.br
Daniela Almeida;daniela.almeida@empresa.com.br
Juliana Brito;juliana.brito@empresa.com.br
Claudio Campos;claudio.campos@exemplo.com
Vitor Carvalho;vitor.carvalho@empresa.com.br
Carolline Toledo;carolline.toledo@empresa.com.br
Juliana Gomes;juliana.gomes@empresa.com.br
Davi Lopes;davi.lopes@exemplo.com
Maria Tavares;maria.tavares@empresa.com.br
Erick Barros;erick.barros@exemplo.com
Jonathan Campos;jonathan.campos@empresa.com.br
Renê Ferraz;renê.ferraz@exemplo.com
Leonardo Costa;leonardo.costa@empresa.com.br
Márcio Assis;marcio.assis@empresa.com.br
Brenda Nunes;brenda.nunes@empresa.com.br
Mariana Almeida;mariana.almeida@empresa.com.br
Cauã Lima;caua.lima@exemplo.com
Lucas Cardoso;lucas.cardoso@empresa.com.br
Erick Martins;erick.martins@exemplo.com
Tainá Cunha;taina.cunha@empresa.com.br
Rute Nunes;rute.nunes@exemplo.com
Claudio Matos;claudio.matos@exemplo.com
Simone Figueiredo;simone.figueiredo@exemplo.com
Sônia Batista;sônia.batista@empresa.com.br
Alan Castro;alan.castro@empresa.com.br
Nelson Cardoso;nelson.cardoso@exemplo.com
André Martins;andre.martins@empresa.com.br
Daniela Campos;daniela.campos@empresa.com.br
Felipe Barreto;felipe.barreto@empresa.com.br
Fátima Monteiro;fatima.monteiro@empresa.com.br
Joice Lima;joice.lima@exemplo.com
Carolline Barros;carolline.barros@empresa.com.br
Ricardo Xavier;ricardo.xavier@empresa.com.br
Samuel Vidal;samuel.vidal@empresa.com.br
Marcos Moreira;marcos.moreira@empresa.com.br
Otávio Barreto;otavio.barreto@empresa.com.br
Gustavo Andrade;gustavo.andrade@exemplo.com
Marcos Leite;marcos.leite@empresa.com.br
Adriana Tavares;adriana.tavares@exemplo.com
Joice Luz;joice.luz@empresa.com.br
Cecília Sá;cecilia.sa@empresa.com.br
Rogério Porto;rogerio.porto@exemplo.com
Simone Barros;simone.barros@empresa.com.br
Leonardo Pires;leonardo.pires@exemplo.com
João Junior;joao.junior@exemplo.com
Ricardo Campos;ricardo.campos@exemplo.com
Leonardo Tavares;leonardo.tavares@empresa.com.br
Sabrina Ribeiro;sabrina.ribeiro@empresa.com.br
Joice Toledo;joice.toledo@exemplo.com
Sarah Mendes;sarah.mendes@empresa.com.br
Felipe Braga;felipe.braga@exemplo.com
Larissa Souza;larissa.souza@exemplo.com
Isis Farias;isis.farias@empresa.com.br
Vitor Araujo;vitor.araujo@exemplo.com
Ivan Vidal;ivan.vidal@exemplo.com
Thiago Barreto;thiago.barreto@empresa.com.br
Viviane Martins;viviane.martins@exemplo.com
Larissa Silva;larissa.silva@empresa.com.br
Sabrina Cruz;sabrina.cruz@exemplo.com
Renê Ribeiro;renê.ribeiro@exemplo.com
Mirella Silva;mirella.silva@exemplo.com
Hélio Freitas;helio.freitas@exemplo.com
Joice Beltrão;joice.beltrao@exemplo.com
Vitor Rangel;vitor.rangel@exemplo.com
Mariana Pacheco;mariana.pacheco@empresa.com.br
Ícaro Cunha;icaro.cunha@empresa.com.br
Isabela Peixoto;isabela.peixoto@empresa.com.br
Paula Antunes;paula.antunes@exemplo.com
Joana Soares;joana.soares@empresa.com.br
Fátima Queiroz;fatima.queiroz@exemplo.com
Helena Amorim;helena.amorim@empresa.com.br
Christian Bandeira;christian.bandeira@empresa.com.br
André Moreira;andre.moreira@empresa.com.br
Hugo Ferraz;hugo.ferraz@empresa.com.br
Marcos Silveira;marcos.silveira@empresa.com.br
Jonathan Assis;jonathan.assis@exemplo.com
Vitor Sá;vitor.sa@exemplo.com
Renata Vidal;renata.vidal@exemplo.com
Melissa Cardoso;melissa.cardoso@exemplo.com
Rafael Rezende;rafael.rezende@exemplo.com
Gustavo Figueira;gustavo.figueira@exemplo.com
Fábio Rodrigues;fabio.rodrigues@empresa.com.br
Erick Ferraz;erick.ferraz@exemplo.com
Natália Pereira;natalia.pereira@exemplo.com
Ana Silva;ana.silva@empresa.com.br
Melissa Ribeiro;melissa.ribeiro@exemplo.com
Samuel Rangel;samuel.rangel@empresa.com.br
Vivian Barros;vivian.barros@empresa.com.br
André Nunes;andre.nunes@empresa.com.br
Edgar Pereira;edgar.pereira@empresa.com.br
Hugo Nunes;hugo.nunes@exemplo.com
Vivian Santos;vivian.santos@empresa.com.br
Sônia Vidal;sônia.vidal@empresa.com.br
Natália Rodrigues;natalia.rodrigues@empresa.com.br
Vitor Xavier;vitor.xavier@empresa.com.br
Alexandre Tavares;alexandre.tavares@exemplo.com
Sarah Nunes;sarah.nunes@exemplo.com
Ricardo Barcellos;ricardo.barcellos@empresa.com.br
Eliane Almeida;eliane.almeida@exemplo.com
Vitor Almeida;vitor.almeida@exemplo.com
Marcos Campos;marcos.campos@empresa.com.br
André Martins;andre.martins@empresa.com.br
Joana Freitas;joana.freitas@exemplo.com
Daniela Martins;daniela.martins@exemplo.com
Letícia Cardoso;leticia.cardoso@empresa.com.br
Ícaro Cunha;icaro.cunha@exemplo.com
Natália Amorim;natalia.amorim@exemplo.com
Joice Teixeira;joice.teixeira@empresa.com.br
Isis Duarte;isis.duarte@exemplo.com
Samuel Toledo;samuel.toledo@exemplo.com
Vitor Peixoto;vitor.peixoto@exemplo.com
Ícaro Barcellos;icaro.barcellos@empresa.com.br
Mariana Lima;mariana.lima@exemplo.com
Michelle Gonçalves;michelle.goncalves@empresa.com.br
Felipe Moreira;felipe.moreira@exemplo.com
Isis Silveira;isis.silveira@empresa.com.br
Pablo Pires;pablo.pires@exemplo.com
Rayssa Almeida;rayssa.almeida@exemplo.com
Yasmin Nunes;yasmin.nunes@exemplo.com
Michelle Barreto;michelle.barreto@empresa.com.br
Jonathan Luz;jonathan.luz@empresa.com.br
Alan Pires;alan.pires@exemplo.com
Caio Reis;caio.reis@exemplo.com
Maria Moraes;maria.moraes@empresa.com.br
Eduardo Correia;eduardo.correia@empresa.com.br
Erick Cardoso;erick.cardoso@empresa.com.br
Paula Silveira;paula.silveira@exemplo.com
Ivan Assis;ivan.assis@empresa.com.br
Helena Santos;helena.santos@exemplo.com
Fernanda Rezende;fernanda.rezende@empresa.com.br
Simone Vidal;simone.vidal@exemplo.com
Melissa Barreto;melissa.barreto@empresa.com.br
Evelyn Campos;evelyn.campos@empresa.com.br
Michelle Leite;michelle.leite@exemplo.com
Davi Rodrigues;davi.rodrigues@empresa.com.br
Priscila Duarte;priscila.duarte@exemplo.com
Mirella Peixoto;mirella.peixoto@empresa.com.br
Hélio Cunha;helio.cunha@empresa.com.br
Paula Gomes;paula.gomes@exemplo.com
Eduardo Castro;eduardo.castro@empresa.com.br
Renata Ribeiro;renata.ribeiro@exemplo.com
Rayssa Luz;rayssa.luz@empresa.com.br
Fernanda Castro;fernanda.castro@exemplo.com
Rogério Matos;rogerio.matos@exemplo.com
Brenda Araujo;brenda.araujo@exemplo.com
Márcio Martins;marcio.martins@empresa.com.br
Rodrigo Prado;rodrigo.prado@empresa.com.br
Daniel Figueiredo;daniel.figueiredo@empresa.com.br
Natália Lemos;natalia.lemos@empresa.com.br
Samuel Monteiro;samuel.monteiro@empresa.com.br
Simone Silveira;simone.silveira@exemplo.com
Bruno Ferraz;bruno.ferraz@exemplo.com
Yasmin Junior;yasmin.junior@empresa.com.br
Eduardo Almeida;eduardo.almeida@empresa.com.br
Daniel Ferraz;daniel.ferraz@exemplo.com
Rayssa Castro;rayssa.castro@exemplo.com
Helena Almeida;helena.almeida@exemplo.com
Ana Moraes;ana.moraes@empresa.com.br
Renata Farias;renata.farias@empresa.com.br
Ana Almeida;ana.almeida@empresa.com.br
Aline Barros;aline.barros@exemplo.com
Priscila Mendes;priscila.mendes@exemplo.com
Davi Porto;davi.porto@exemplo.com
Renata Lemos;renata.lemos@empresa.com.br
Felipe Campos;felipe.campos@exemplo.com
Sueli Barreto;sueli.barreto@empresa.com.br
André Moreira;andre.moreira@empresa.com.br
Yasmin Porto;yasmin.porto@empresa.com.br
Otávia Barreto;otavia.barreto@empresa.com.br
Patrícia Queiroz;patricia.queiroz@exemplo.com
Evelyn Andrade;evelyn.andrade@exemplo.com
Tainá Barcellos;taina.barcellos@exemplo.com
